{"$schema":"http://schema.management.azure.com/schemas/2015-01-01/deploymentTemplate.json#","contentVersion":"1.0.0.0","parameters":{"PowerBIDatasets gijiri2458":{"type":"string"}},"variables":{},"resources":[{"name":"Orchestration Pipeline","type":"pipelines","apiVersion":"2018-06-01","properties":{"activities":[{"name":"NB_bronze_to_silver_transformations","type":"TridentNotebook","dependsOn":[{"activity":"NB_Bronze_Data_Ingestion","dependencyConditions":["Succeeded"]}],"policy":{"timeout":"0.12:00:00","retry":2,"retryIntervalInSeconds":30,"secureOutput":false,"secureInput":false},"typeProperties":{"notebookId":"f836a45e-ce8a-4b7d-865b-04452b96b1ab","workspaceId":"624109d0-cc3a-4a33-88b4-e9e862eabea0"}},{"name":"NB_Silver_to_gold_transformation","type":"TridentNotebook","dependsOn":[{"activity":"NB_bronze_to_silver_transformations","dependencyConditions":["Succeeded"]}],"policy":{"timeout":"0.12:00:00","retry":1,"retryIntervalInSeconds":30,"secureOutput":false,"secureInput":false},"typeProperties":{"notebookId":"af41b242-1c67-4e32-8f13-aef71a3814e4","workspaceId":"624109d0-cc3a-4a33-88b4-e9e862eabea0"}},{"name":"NB_Calendar_Dim","type":"TridentNotebook","dependsOn":[{"activity":"NB_Silver_to_gold_transformation","dependencyConditions":["Succeeded"]}],"policy":{"timeout":"0.12:00:00","retry":2,"retryIntervalInSeconds":30,"secureOutput":false,"secureInput":false},"typeProperties":{"notebookId":"eb309f30-3fe9-4bff-8cf5-3cb99beff9b7","workspaceId":"624109d0-cc3a-4a33-88b4-e9e862eabea0"}},{"name":"NB_Bronze_Data_Ingestion","type":"TridentNotebook","dependsOn":[],"policy":{"timeout":"0.12:00:00","retry":0,"retryIntervalInSeconds":30,"secureOutput":false,"secureInput":false},"typeProperties":{"notebookId":"9b5d1537-f38c-4b74-ae17-1bd0e001f6af","workspaceId":"624109d0-cc3a-4a33-88b4-e9e862eabea0"}},{"name":"Shopping_Mart_Report","type":"PBISemanticModelRefresh","dependsOn":[{"activity":"NB_Calendar_Dim","dependencyConditions":["Succeeded"]}],"policy":{"timeout":"0.12:00:00","retry":0,"retryIntervalInSeconds":30,"secureOutput":false,"secureInput":false},"typeProperties":{"method":"post","waitOnCompletion":true,"retryCount":2,"commitMode":"Transactional","operationType":"SemanticModelRefresh","groupId":"624109d0-cc3a-4a33-88b4-e9e862eabea0","datasetId":"e1295490-defa-49cc-8d90-772aae9a7536","objects":[{"table":"gold_web_logs_data"},{"table":"gold_calendar"},{"table":"gold_orders_data"},{"table":"gold_social_media"},{"table":"gold_reviews_data"},{"table":"TopNSelection"},{"table":"MeasureTable"}]},"externalReferences":{"connection":"[parameters('PowerBIDatasets gijiri2458')]"}}],"lastModifiedByObjectId":"355bed18-56a3-450e-a79b-bb53fd186a86","lastPublishTime":"2025-10-13T11:35:19Z"},"dependsOn":[]}]}